-- Inserisci 50 voci nella tabella User con numeri incrementali per idUser
INSERT INTO HilfeDb.User (idUser, Name, Surname, PhoneNumber, Email, Salt, Password, Bio, Birthday, PubKey, FotoProfilo, Username, Address, AddressLat, AddressLong)
VALUES
  (1, 'Mario', 'Rossi', '3331234567', 'mario.rossi@example.com', 'salt123', 'hashedpassword123', 'Sviluppatore Software', '1980-06-15', 'pubblica123', NULL, 'mario_rossi', 'Via Roma 123, Roma', 41.9028, 12.4964),
  (2, 'Laura', 'Bianchi', '3499876543', 'laura.bianchi@example.com', 'salt456', 'hashedpassword456', 'Specialista in Marketing', '1992-03-20', 'pubblica456', NULL, 'laura_bianchi', 'Via Verdi 456, Milano', 45.4642, 9.1900),
  (3, 'Giovanni', 'Verdi', '3333333333', 'giovanni.verdi@example.com', 'salt789', 'hashedpassword789', 'Ingegnere Elettrico', '1988-12-10', 'pubblica789', NULL, 'giovanni_verdi', 'Via Garibaldi 789, Torino', 45.0703, 7.6869),
  (4, 'Francesca', 'Neri', '3334445555', 'francesca.neri@example.com', 'salt101', 'hashedpassword101', 'Infermiera', '1985-09-05', 'pubblica101', NULL, 'francesca_neri', 'Via Dante 101, Firenze', 43.7696, 11.2558),
  (5, 'Paolo', 'Ricci', '3335556666', 'paolo.ricci@example.com', 'salt202', 'hashedpassword202', 'Architetto', '1975-11-28', 'pubblica202', NULL, 'paolo_ricci', 'Via Vittorio Emanuele 202, Palermo', 38.1157, 13.3615),
  (6, 'Elena', 'Conti', '3336667777', 'elena.conti@example.com', 'salt303', 'hashedpassword303', 'Docente Universitaria', '1983-08-18', 'pubblica303', NULL, 'elena_conti', 'Via Milano 303, Bologna', 44.4949, 11.3426),
  (7, 'Marco', 'Moretti', '3337778888', 'marco.moretti@example.com', 'salt404', 'hashedpassword404', 'Consulente Finanziario', '1990-05-03', 'pubblica404', NULL, 'marco_moretti', 'Via Mazzini 404, Torino', 45.0703, 7.6869),
  (8, 'Giulia', 'Marchi', '3338889999', 'giulia.marchi@example.com', 'salt505', 'hashedpassword505', 'Psicologa', '1986-12-22', 'pubblica505', NULL, 'giulia_marchi', 'Corso Italia 505, Genova', 44.4056, 8.9463),
  (9, 'Alessandro', 'Barbieri', '3339990000', 'alessandro.barbieri@example.com', 'salt606', 'hashedpassword606', 'Ingegnere Civile', '1981-04-11', 'pubblica606', NULL, 'alessandro_barbieri', 'Via delle Rose 606, Roma', 41.9028, 12.4964),
  (10, 'Federica', 'Pellegrini', '3330001111', 'federica.pellegrini@example.com', 'salt707', 'hashedpassword707', 'Atleta Olimpica', '1988-08-05', 'pubblica707', NULL, 'federica_pellegrini', 'Via dei Campioni 707, Milano', 45.4642, 9.1900),
  (11, 'Luca', 'Rizzo', '3331112222', 'luca.rizzo@example.com', 'salt808', 'hashedpassword808', 'Avvocato', '1984-09-30', 'pubblica808', NULL, 'luca_rizzo', 'Via del Corso 808, Napoli', 40.8522, 14.2681),
  (12, 'Sabrina', 'Ferrari', '3332223333', 'sabrina.ferrari@example.com', 'salt909', 'hashedpassword909', 'Insegnante Elementare', '1993-02-14', 'pubblica909', NULL, 'sabrina_ferrari', 'Via della Scuola 909, Firenze', 43.7696, 11.2558),
  (13, 'Andrea', 'Martini', '3333334444', 'andrea.martini@example.com', 'salt010', 'hashedpassword010', 'Fotografo', '1977-07-08', 'pubblica010', NULL, 'andrea_martini', 'Corso Vittorio Emanuele 010, Torino', 45.0703, 7.6869),
  (14, 'Valentina', 'Ricci', '3334445555', 'valentina.ricci@example.com', 'salt111', 'hashedpassword111', 'Graphic Designer', '1989-11-23', 'pubblica111', NULL, 'valentina_ricci', 'Via dei Graphic 111, Milano', 45.4642, 9.1900),
  (15, 'Stefano', 'Conte', '3335556666', 'stefano.conte@example.com', 'salt212', 'hashedpassword212', 'Chef', '1982-04-17', 'pubblica212', NULL, 'stefano_conte', 'Via del Gusto 212, Bologna', 44.4949, 11.3426),
  (16, 'Roberta', 'Marini', '3336667777', 'roberta.marini@example.com', 'salt313', 'hashedpassword313', 'Psichiatra', '1986-01-30', 'pubblica313', NULL, 'roberta_marini', 'Via delle Menti 313, Torino', 45.0703, 7.6869),
  (17, 'Gianluca', 'Ferraro', '3337778888', 'gianluca.ferraro@example.com', 'salt414', 'hashedpassword414', 'Giornalista', '1991-06-10', 'pubblica414', NULL, 'gianluca_ferraro', 'Via della Notizia 414, Roma', 41.9028, 12.4964),
  (18, 'Martina', 'Piazza', '3338889999', 'martina.piazza@example.com', 'salt515', 'hashedpassword515', 'Pilota', '1980-09-25', 'pubblica515', NULL, 'martina_piazza', 'Via del Volo 515, Milano', 45.4642, 9.1900),
  (19, 'Luigi', 'Rossetti', '3339990000', 'luigi.rossetti@example.com', 'salt616', 'hashedpassword616', 'Geologo', '1987-12-15', 'pubblica616', NULL, 'luigi_rossetti', 'Via delle Rocce 616, Napoli', 40.8522, 14.2681),
  (20, 'Chiara', 'Colombo', '3330001111', 'chiara.colombo@example.com', 'salt717', 'hashedpassword717', 'Fashion Designer', '1983-02-28', 'pubblica717', NULL, 'chiara_colombo', 'Corso della Moda 717, Firenze', 43.7696, 11.2558),
  (21, 'Davide', 'Fabbri', '3331112222', 'davide.fabbri@example.com', 'salt818', 'hashedpassword818', 'Ingegnere Meccanico', '1979-04-20', 'pubblica818', NULL, 'davide_fabbri', 'Via della Meccanica 818, Torino', 45.0703, 7.6869),
  (22, 'Simona', 'Santoro', '3332223333', 'simona.santoro@example.com', 'salt919', 'hashedpassword919', 'Musicista', '1990-09-12', 'pubblica919', NULL, 'simona_santoro', 'Via della Musica 919, Milano', 45.4642, 9.1900),
  (23, 'Emanuele', 'Lombardi', '3333334444', 'emanuele.lombardi@example.com', 'salt020', 'hashedpassword020', 'Ricercatore', '1984-11-05', 'pubblica020', NULL, 'emanuele_lombardi', 'Corso della Ricerca 020, Bologna', 44.4949, 11.3426),
  (24, 'Arianna', 'Galli', '3334445555', 'arianna.galli@example.com', 'salt121', 'hashedpassword121', 'Medico', '1988-06-27', 'pubblica121', NULL, 'arianna_galli', 'Via della Salute 121, Torino', 45.0703, 7.6869),
  (25, 'Andrea', 'Ferri', '3335556666', 'andrea.ferri@example.com', 'salt222', 'hashedpassword222', 'Scrittore', '1981-03-14', 'pubblica222', NULL, 'andrea_ferri', 'Via delle Pagine 222, Milano', 45.4642, 9.1900),
  (26, 'Silvia', 'Rinaldi', '3336667777', 'silvia.rinaldi@example.com', 'salt323', 'hashedpassword323', 'Nutrizionista', '1985-08-08', 'pubblica323', NULL, 'silvia_rinaldi', 'Via della Nutrizione 323, Bologna', 44.4949, 11.3426),
  (27, 'Paolo', 'Vitali', '3337778888', 'paolo.vitali@example.com', 'salt424', 'hashedpassword424', 'Astronauta', '1992-01-02', 'pubblica424', NULL, 'paolo_vitali', 'Via della Galassia 424, Roma', 41.9028, 12.4964);
-- PostInterventi
-- Inserisci 20 voci nella tabella PostInterventi con numeri incrementali per idPostIntervento
INSERT INTO HilfeDb.PostInterventi (idPostIntervento, TitoloPost, DescrizionePost, DataIntervento, DataPubblicazione, PersoneRichieste, PosizioneLatitudine, PosizioneLongitudine,  Indirizzo, Autore_idUser)
VALUES
  (1, 'Ristrutturazione Centro Comunitario', 'Cerchiamo volontari per aiutare nella ristrutturazione del centro comunitario. Portate i vostri attrezzi!', '2023-02-01 10:00:00', '2023-01-15 12:00:00', 5, 12.4964, 41.9028, 'Via dei Mille 789, Roma', 1),
  (2, 'Raccolta Fondi per il Rifugio Locale', 'Stiamo raccogliendo cibo non deperibile per il rifugio per senza tetto. Unitevi a noi!', '2023-03-10 14:30:00', '2023-03-01 10:00:00', 3, 9.1900, 45.4642, 'Via della Solidarietà 123, Milano', 2),
  (3, 'Progetto Piantumazione Alberi', 'Partecipa al progetto di piantumazione alberi nel parco cittadino. Abbiamo bisogno di mani volontarie!', '2023-02-15 09:30:00', '2023-02-01 15:30:00', 8, 7.6869, 45.0703, 'Parco Cavour, Torino', 3),
  (4, 'Supporto Didattico per Bambini', 'Offri supporto didattico ai bambini della scuola elementare. Aiutaci a creare un ambiente educativo positivo!', '2023-03-05 16:00:00', '2023-02-20 08:45:00', 4, 9.1900, 45.4642, 'Via dei Licei 456, Milano', 4),
  (5, 'Corso di Cucina per Anziani', 'Organizziamo un corso di cucina per anziani. Cerchiamo cuochi volontari per condividere le proprie competenze!', '2023-02-10 11:00:00', '2023-01-25 14:30:00', 6, 14.2681, 40.8522, 'Centro Sociale, Napoli', 5),
  (6, 'Spettacolo di Musica dal Vivo', 'Unisciti a noi per uno spettacolo di musica dal vivo nella piazza principale. Cerchiamo musicisti e volontari!', '2023-03-20 20:00:00', '2023-03-05 18:30:00', 10, 11.3426, 44.4949, 'Piazza Maggiore, Bologna', 6),
  (7, 'Supporto Legale per Associazioni', 'Avvocati volontari richiesti per fornire consulenza legale gratuita alle associazioni locali. Aiutaci a sostenere la comunità!', '2023-02-25 14:30:00', '2023-02-10 09:15:00', 3, 12.3388, 45.4342, 'Ponte degli Scalzi, Venezia', 7),
  (8, 'Incontro Psicologico di Gruppo', 'Partecipa all incontro psicologico di gruppo per condividere esperienze e supportarci a vicenda. Tutti sono i benvenuti!', '2023-03-15 18:00:00', '2023-02-28 16:45:00', 6, 8.9463, 44.4056, 'Via XX Settembre 505, Genova', 8),
  (9, 'Concerto Benefico per Ospedale', 'Organizziamo un concerto benefico per raccogliere fondi per l ospedale locale. Cerchiamo artisti e volontari!', '2023-02-12 19:30:00', '2023-01-27 17:00:00', 8, 13.3615, 38.1157, 'Via Maqueda 606, Palermo', 9),
  (10, 'Supporto Sanitario per Emergenza', 'Personale medico volontario richiesto per fornire supporto sanitario in caso di emergenza. Aiutaci a salvare vite!', '2023-03-01 08:00:00', '2023-02-15 12:30:00', 5, 15.0830, 37.5079, 'Via Etnea 707, Catania', 10),
  (11, 'Progetto di Architettura Sostenibile', 'Architetti volontari necessari per il progetto di costruzione di un edificio sostenibile. Contribuisci alla nostra visione verde!', '2023-02-18 14:00:00', '2023-02-03 10:45:00', 7, 14.3735, 40.7850, 'Corso Vittorio Emanuele 808, Torre del Greco', 11),
  (12, 'Laboratorio di Pittura per Bambini', 'Artisti volontari cercati per condurre un laboratorio di pittura per bambini. Stimoliamo la creatività dei più giovani!', '2023-03-10 16:30:00', '2023-02-25 14:15:00', 4, 15.5522, 38.1938, 'Via Garibaldi 909, Messina', 12),
  (13, 'Lezioni di Volo per Bambini', 'Piloti volontari richiesti per offrire lezioni di volo per bambini. Facciamo volare i sogni!', '2023-02-22 11:00:00', '2023-02-07 09:30:00', 6, 14.7681, 40.6822, 'Corso Umberto I 010, Salerno', 13),
  (14, 'Corsi di Cucina Salutare', 'Nutrizionisti e cuochi volontari cercati per tenere corsi di cucina salutare. Promuoviamo uno stile di vita sano!', '2023-03-05 15:45:00', '2023-02-18 13:15:00', 5, 10.9254, 44.6478, 'Via Emilia 111, Modena', 14),
  (15, 'Presentazione Letteraria', 'Scrittori e appassionati di libri volontari richiesti per la presentazione di nuovi romanzi locali. Unisciti a noi per una serata letteraria!', '2023-02-28 18:00:00', '2023-02-13 16:45:00', 7, 11.5795, 44.8272, 'Via della Libertà 707, Palermo', 15),
  (16, 'Assistenza Tecnologica per Anziani', 'Appassionati di tecnologia volontari richiesti per fornire assistenza agli anziani nell uso di dispositivi digitali. Aiutaci a connettere le generazioni!', '2023-03-15 10:00:00', '2023-03-01 08:30:00', 4, 8.9327, 44.4056, 'Corso Vittorio Emanuele 505, Genova', 16),
  (17, 'Corso di Giardinaggio Urbano', 'Giardinieri volontari necessari per insegnare il giardinaggio urbano ai residenti. Rendiamo la città più verde!', '2023-02-10 14:30:00', '2023-01-26 12:15:00', 6, 15.2083, 37.9838, 'Via Roma 606, Palermo', 17),
  (18, 'Supporto Logistico per Emergenza', 'Volontari logistici richiesti per coordinare le risorse durante situazioni di emergenza. Unisciti al nostro team!', '2023-03-01 09:00:00', '2023-02-15 13:45:00', 5, 12.4964, 41.9028, 'Via dei Mille 789, Roma', 18),
  (19, 'Workshop di Fotografia', 'Fotografi e appassionati di fotografia volontari richiesti per condurre un workshop per principianti. Condividi la tua passione!', '2023-02-18 16:45:00', '2023-02-04 14:30:00', 8, 9.1899, 45.4642, 'Via della Solidarietà 123, Milano', 19);
-- Interventi
INSERT INTO HilfeDb.Interventi (idPostInterventi, idUser)
VALUES
  (5, 1),
  (11, 8),
  (8, 15),
  (4, 7),
  (7, 19),
  (19, 12),
  (14, 6),
  (13, 3),
  (10, 9),
  (15, 11),
  (16, 14),
  (9, 2),
  (2, 5),
  (17, 10),
  (3, 16),
  (12, 18),
  (18, 13),
  (6, 17);

  -- Materiale
INSERT INTO HilfeDb.Materiale (idMateriale, DescrizioneMateriale, Unita, idPostIntervento)
VALUES
  (1, 'Secchi di Vernice', 20, 1),
  (2, 'Rulli da Pittura', 10, 1),
  (3, 'Martelli', 15, 1),
  (4, 'Chiodi', 100, 1),
  (5, 'Sacchi di Calce', 5, 1),
  (6, 'Generi Alimentari in Scatola', 50, 2),
  (7, 'Pasta', 20, 2),
  (8, 'Riso', 15, 2),
  (9, 'Lattine di Pomodoro', 30, 2),
  (10,'Olio dOliva', 10, 2),
  (11,'Viti', 200, 3),
  (12,'Legname', 50, 3),
  (13,'Attrezzi da Elettricista', 8, 3),
  (14,'Tubi idraulici', 15, 3),
  (15,'Manodopera specializzata', 5, 3),
  (16,'Mattoni', 100, 4),
  (17,'Cemento', 30, 4),
  (18,'Malta', 15, 4),
  (19,'Trapani', 5, 4),
  (20,'Tende da sole', 10, 4),
  (21,'Pitture', 25, 5),
  (22,'Pallet di cibo', 40, 5),
  (23,'Coperte', 30, 5),
  (24,'Asciugamani', 50, 5),
  (25,'Lampadine LED', 30, 6),
  (26,'Cavi elettrici', 20, 6),
  (27,'Pitture murali', 15, 6);

  -- PostComunicazioni
INSERT INTO HilfeDb.PostComunicazioni (idPostComunicazione, idUser, TitoloPost, DescrizionePost, Foto)
VALUES
  (1, 1, 'Grazie ai Volontari!', 'Un grande ringraziamento a tutti coloro che hanno partecipato al progetto di ristrutturazione del centro comunitario!', 'centro_comunitario.jpg'),
  (2, 2, 'Successo della Raccolta Fondi', 'Grazie alla vostra generosità, abbiamo raccolto cibo sufficiente per supportare il rifugio locale per il prossimo mese!', 'raccolta_fondi.jpg'),
  (3, 3, 'Completato il Progetto Architettura', 'Sono felice di annunciare che il nostro ultimo progetto architettonico è stato completato con successo! Grazie a tutti per il supporto.', 'progetto_architettura.jpg'),
  (4, 4, 'Concerto Memorabile', 'Grazie a tutti coloro che hanno partecipato al concerto! È stata un esperienza indimenticabile. Aspettatevi nuove date in futuro!', 'concerti_musicali.jpg'),
  (5, 5, 'Guida Turistica Napoli', 'Ringrazio tutti coloro che hanno apprezzato la guida turistica su Napoli. Se avete altri suggerimenti o richieste, fatemelo sapere!', 'guida_turistica.jpg'),
  (6, 6, 'Successo nella Ricerca Medica', 'Condivido con gioia i risultati positivi della mia ultima ricerca medica. Grazie a tutti i colleghi che hanno contribuito a questo successo.', 'ricerca_medica.jpg'),
  (7, 7, 'Lezioni di Pittura: Un Esperienza Artistica', 'Ringrazio tutti gli studenti che hanno partecipato alle lezioni di pittura. Le vostre opere sono state straordinarie!', 'lezioni_pittura.jpg'),
  (8, 8, 'Grazie per le Apprezzate Ricette della Nonna', 'Un caloroso ringraziamento a tutti coloro che hanno apprezzato e provato le ricette della nonna. Continuate a cucinare con amore!', 'ricette_nonna.jpg'),
  (9, 9, 'Esperienze di Volontariato con Animali', 'Ringrazio tutti i volontari che hanno dedicato il loro tempo al rifugio per animali. Le vostre azioni fanno la differenza!', 'volontariato_animali.jpg'),
  (10,10, 'Suggerimenti per lo Studio: Condividiamo il Successo', 'Grazie a tutti coloro che hanno condiviso il loro successo nell applicare i suggerimenti per lo studio. Continuate a brillare!', 'studio_suggerimenti.jpg'),
  (11,11, 'Esperienze di Viaggio: Alla Scoperta di Nuovi Orizzonti', 'Ringrazio tutti coloro che mi hanno ispirato a esplorare nuove destinazioni. Avventure incredibili e nuovi orizzonti!', 'viaggio_esperienze.jpg'),
  (12,12, 'Yoga Online: Benessere e Gratitudine', 'Grazie a tutti coloro che partecipano alle lezioni di yoga online. La pratica continua a portare benessere e gratitudine nelle nostre vite.', 'lezioni_yoga.jpg'),
  (13,13, 'Imparare a Suonare la Chitarra: Celebrare la Musica', 'Un ringraziamento speciale a tutti gli appassionati che stanno imparando a suonare la chitarra insieme. Celebrare la magia della musica!', 'tutorial_chitarra.jpg');

  -- Seguiti
INSERT INTO HilfeDb.Seguiti (idSeguace, idSeguito)
VALUES
  (1, 19),
  (2, 15),
  (3, 8),
  (4, 12),
  (5, 1),
  (6, 4),
  (7, 17),
  (8, 2),
  (9, 11),
  (10, 3),
  (11, 20),
  (12, 6),
  (13, 10),
  (14, 9),
  (15, 5),
  (16, 13),
  (17, 7),
  (18, 14),
  (19, 16),
  (1, 7),
  (2, 10),
  (3, 5),
  (4, 8),
  (5, 12),
  (6, 15),
  (7, 9),
  (8, 13),
  (9, 17),
  (10, 20),
  (11, 6),
  (12, 14),
  (13, 16),
  (14, 11),
  (15, 3),
  (16, 19),
  (17, 2),
  (18, 4),
  (19, 1),
  (1, 13),
  (2, 17),
  (3, 11),
  (4, 6),
  (5, 9),
  (7, 20),
  (8, 4),
  (9, 19),
  (10, 14);

  -- Like
INSERT INTO HilfeDb.Like (idEmettitore, PostRelativo)
VALUES
  (1, 5),
  (2, 12),
  (3, 3),
  (4, 10),
  (5, 7),
  (7, 1),
  (9, 8),
  (11, 2),
  (12, 11),
  (13, 9),
  (14, 6),
  (16, 4),
  (17, 13),
  (1, 4),
  (2, 11),
  (3, 2),
  (4, 9),
  (5, 6),
  (6, 13),
  (7, 5),
  (9, 7),
  (11, 1),
  (12, 10),
  (13, 8),
  (16, 3),
  (17, 12),
  (1, 3),
  (2, 10),
  (3, 1),
  (4, 8),
  (5, 5),
  (6, 12),
  (7, 4),
  (9, 6);

INSERT INTO HilfeDb.Notifica (idNotifica, idUser, TestoNotifica, Letta, DataCreazione)
VALUES
  (1, 1, 'Il tuo post ha ricevuto un like!', 0, '2023-02-15 14:45:00'),
  (2, 1, 'Nuovo commento sul tuo post', 0, '2023-03-05 16:30:00'),
  (3, 1, 'Hai ricevuto un messaggio privato', 0, '2023-04-10 09:15:00'),
  (4, 2, 'Il tuo post è stato condiviso!', 0, '2023-05-20 11:00:00'),
  (5, 2, 'Il tuo post ha ricevuto un like!', 0, '2023-06-25 10:30:00'),
  (6, 2, 'Nuovo commento sul tuo post', 0, '2023-07-12 15:45:00'),
  (7, 3, 'Il tuo post è stato condiviso!', 0, '2023-08-18 12:00:00'),
  (8, 3, 'Hai ricevuto un messaggio privato', 0, '2023-09-03 08:30:00'),
  (9, 3, 'Il tuo post ha ricevuto un like!', 0, '2023-10-15 14:15:00'),
  (10,1, 'Il tuo post ha ricevuto un like!', 0, '2023-11-20 16:45:00'),
  (11,2, 'Il tuo post è stato condiviso!', 0, '2023-12-05 09:00:00'),
  (12,3, 'Hai ricevuto un messaggio privato', 0, '2024-01-10 11:30:00'),
  (13,1, 'Il tuo post è stato condiviso!', 0, '2024-02-25 15:00:00'),
  (14,2, 'Hai ricevuto un messaggio privato', 0, '2024-03-08 10:45:00'),
  (15,3, 'Il tuo post ha ricevuto un like!', 0, '2024-04-12 13:30:00'),
  (16,1, 'Nuovo commento sul tuo post', 0, '2024-05-20 16:15:00'),
  (17,2, 'Il tuo post è stato condiviso!', 0, '2024-06-28 09:45:00'),
  (18,3, 'Hai ricevuto un messaggio privato', 0, '2024-07-15 11:00:00'),
  (19,1, 'Il tuo post ha ricevuto un like!', 0, '2024-08-22 14:30:00'),
  (20,2, 'Nuovo commento sul tuo post', 0, '2024-09-10 08:00:00'),
  (21,3, 'Il tuo post è stato condiviso!', 0, '2024-10-18 12:45:00');